,MAE,MSE,RMSE,R2,set,modelo
0,317.13986937284363,230474.8086315913,480.0779193335091,0.5202679431808497,test,Decision Tree ocasionales Codif y Estand II
1,304.66810965163313,200968.63903653756,448.29525877097734,0.5703100072577219,train,Decision Tree ocasionales Codif y Estand II
0,364.30033291683225,263183.4907171062,513.0141233115382,0.45218499986095695,test,Decision Tree ocasionales Codif II
1,322.4413056362341,231818.68143138738,481.4755252672636,0.5043496934680067,train,Decision Tree ocasionales Codif II
