,MAE,MSE,RMSE,R2,set,modelo
0,472.563510148667,386403.3744380749,621.6135249800111,0.8871103667538969,test,Random Forest totales encod
1,418.96356214240825,347100.1946824477,589.1520980888108,0.9090334995210866,train,Random Forest totales encod
0,517.633607422301,463220.0338705775,680.6026989886078,0.864668004486391,test,Random Forest totales encod - estand
1,546.7386384067621,534835.2897353189,731.3243396300433,0.8598327071399134,train,Random Forest totales encod - estand
